<beans xmlns="http://www.springframework.org/schema/beans"
	xmlns:xsi="http://www.w3.org/2001/XMLSchema-instance"
	xmlns:context="http://www.springframework.org/schema/context"
	xsi:schemaLocation="http://www.springframework.org/schema/beans
    http://www.springframework.org/schema/beans/spring-beans-3.0.xsd
    http://www.springframework.org/schema/context
    http://www.springframework.org/schema/context/spring-context-3.0.xsd">

	<bean class="com.nec.core.Employee" id="emp" autowire="byType">
		<property name="empId" value="123"></property>
		<property name="empName" value="suresh"></property>
		<property name="empSal" value="89000"></property>
		<property name="empDesg" value="developer"></property>
		<!-- <property name="address" ref="add"></property> -->
	
	</bean>

	<bean class="com.nec.core.Address" id="a">
		<constructor-arg name="hno" value="222"></constructor-arg>
		<constructor-arg name="colony" value="rbi colony"></constructor-arg>
		<constructor-arg name="city" value="hyderabad"></constructor-arg>
		<constructor-arg name="pincode" value="501511"></constructor-arg>
	</bean>
</beans>